"Timestamp","Run","Url","Ok","Status","DurationMs","ContentLength","Error"
"2025-10-30 13:35:58","1","https://2sxc-dnn.dnndev.me/cshtml-disk-cache/p1","True","200","3592","20156",
"2025-10-30 13:36:00","1","https://2sxc-dnn.dnndev.me/cshtml-disk-cache/p2","True","200","1904","32480",
"2025-10-30 13:36:01","1","https://2sxc-dnn.dnndev.me/cshtml-disk-cache/p3","True","200","634","17381",
"2025-10-30 13:36:02","1","https://2sxc-dnn.dnndev.me/cshtml-disk-cache/p4","True","200","982","49375",
"2025-10-30 13:36:03","1","https://2sxc-dnn.dnndev.me/cshtml-disk-cache/p5","True","200","870","21936",
"2025-10-30 13:36:04","1","https://2sxc-dnn.dnndev.me/cshtml-disk-cache/p6","True","200","1301","76157",
"2025-10-30 13:36:23","2","https://2sxc-dnn.dnndev.me/cshtml-disk-cache/p1","True","200","3590","20156",
"2025-10-30 13:36:25","2","https://2sxc-dnn.dnndev.me/cshtml-disk-cache/p2","True","200","1927","32480",
"2025-10-30 13:36:25","2","https://2sxc-dnn.dnndev.me/cshtml-disk-cache/p3","True","200","631","17381",
"2025-10-30 13:36:26","2","https://2sxc-dnn.dnndev.me/cshtml-disk-cache/p4","True","200","925","49375",
"2025-10-30 13:36:27","2","https://2sxc-dnn.dnndev.me/cshtml-disk-cache/p5","True","200","854","21936",
"2025-10-30 13:36:29","2","https://2sxc-dnn.dnndev.me/cshtml-disk-cache/p6","True","200","1482","76157",
"2025-10-30 13:36:47","3","https://2sxc-dnn.dnndev.me/cshtml-disk-cache/p1","True","200","3641","20156",
"2025-10-30 13:36:49","3","https://2sxc-dnn.dnndev.me/cshtml-disk-cache/p2","True","200","2571","32480",
"2025-10-30 13:36:50","3","https://2sxc-dnn.dnndev.me/cshtml-disk-cache/p3","True","200","883","17381",
"2025-10-30 13:36:51","3","https://2sxc-dnn.dnndev.me/cshtml-disk-cache/p4","True","200","974","49375",
"2025-10-30 13:36:52","3","https://2sxc-dnn.dnndev.me/cshtml-disk-cache/p5","True","200","891","21936",
"2025-10-30 13:36:53","3","https://2sxc-dnn.dnndev.me/cshtml-disk-cache/p6","True","200","1380","76157",
"2025-10-30 13:37:12","4","https://2sxc-dnn.dnndev.me/cshtml-disk-cache/p1","True","200","3534","20156",
"2025-10-30 13:37:14","4","https://2sxc-dnn.dnndev.me/cshtml-disk-cache/p2","True","200","1945","32480",
"2025-10-30 13:37:14","4","https://2sxc-dnn.dnndev.me/cshtml-disk-cache/p3","True","200","606","17381",
"2025-10-30 13:37:15","4","https://2sxc-dnn.dnndev.me/cshtml-disk-cache/p4","True","200","907","49375",
"2025-10-30 13:37:16","4","https://2sxc-dnn.dnndev.me/cshtml-disk-cache/p5","True","200","891","21936",
"2025-10-30 13:37:19","4","https://2sxc-dnn.dnndev.me/cshtml-disk-cache/p6","True","200","3089","76157",
"2025-10-30 13:37:38","5","https://2sxc-dnn.dnndev.me/cshtml-disk-cache/p1","True","200","3716","20156",
"2025-10-30 13:37:40","5","https://2sxc-dnn.dnndev.me/cshtml-disk-cache/p2","True","200","1954","32480",
"2025-10-30 13:37:41","5","https://2sxc-dnn.dnndev.me/cshtml-disk-cache/p3","True","200","642","17381",
"2025-10-30 13:37:41","5","https://2sxc-dnn.dnndev.me/cshtml-disk-cache/p4","True","200","909","49375",
"2025-10-30 13:37:42","5","https://2sxc-dnn.dnndev.me/cshtml-disk-cache/p5","True","200","938","21936",
"2025-10-30 13:37:44","5","https://2sxc-dnn.dnndev.me/cshtml-disk-cache/p6","True","200","1533","76157",
"2025-10-30 13:38:02","6","https://2sxc-dnn.dnndev.me/cshtml-disk-cache/p1","True","200","3472","20156",
"2025-10-30 13:38:04","6","https://2sxc-dnn.dnndev.me/cshtml-disk-cache/p2","True","200","1943","32480",
"2025-10-30 13:38:04","6","https://2sxc-dnn.dnndev.me/cshtml-disk-cache/p3","True","200","588","17381",
"2025-10-30 13:38:05","6","https://2sxc-dnn.dnndev.me/cshtml-disk-cache/p4","True","200","934","49375",
"2025-10-30 13:38:06","6","https://2sxc-dnn.dnndev.me/cshtml-disk-cache/p5","True","200","831","21936",
"2025-10-30 13:38:07","6","https://2sxc-dnn.dnndev.me/cshtml-disk-cache/p6","True","200","1299","76157",
"2025-10-30 13:38:30","7","https://2sxc-dnn.dnndev.me/cshtml-disk-cache/p1","True","200","8599","20156",
"2025-10-30 13:38:32","7","https://2sxc-dnn.dnndev.me/cshtml-disk-cache/p2","True","200","1968","32480",
"2025-10-30 13:38:33","7","https://2sxc-dnn.dnndev.me/cshtml-disk-cache/p3","True","200","696","17381",
"2025-10-30 13:38:34","7","https://2sxc-dnn.dnndev.me/cshtml-disk-cache/p4","True","200","959","49375",
"2025-10-30 13:38:35","7","https://2sxc-dnn.dnndev.me/cshtml-disk-cache/p5","True","200","882","21936",
"2025-10-30 13:38:36","7","https://2sxc-dnn.dnndev.me/cshtml-disk-cache/p6","True","200","1456","76157",
"2025-10-30 13:38:55","8","https://2sxc-dnn.dnndev.me/cshtml-disk-cache/p1","True","200","3516","20156",
"2025-10-30 13:38:57","8","https://2sxc-dnn.dnndev.me/cshtml-disk-cache/p2","True","200","1916","32480",
"2025-10-30 13:38:57","8","https://2sxc-dnn.dnndev.me/cshtml-disk-cache/p3","True","200","584","17381",
"2025-10-30 13:38:58","8","https://2sxc-dnn.dnndev.me/cshtml-disk-cache/p4","True","200","918","49375",
"2025-10-30 13:38:59","8","https://2sxc-dnn.dnndev.me/cshtml-disk-cache/p5","True","200","859","21936",
"2025-10-30 13:39:00","8","https://2sxc-dnn.dnndev.me/cshtml-disk-cache/p6","True","200","1311","76157",
"2025-10-30 13:39:18","9","https://2sxc-dnn.dnndev.me/cshtml-disk-cache/p1","True","200","3463","20156",
"2025-10-30 13:39:20","9","https://2sxc-dnn.dnndev.me/cshtml-disk-cache/p2","True","200","1885","32480",
"2025-10-30 13:39:21","9","https://2sxc-dnn.dnndev.me/cshtml-disk-cache/p3","True","200","606","17381",
"2025-10-30 13:39:22","9","https://2sxc-dnn.dnndev.me/cshtml-disk-cache/p4","True","200","922","49375",
"2025-10-30 13:39:23","9","https://2sxc-dnn.dnndev.me/cshtml-disk-cache/p5","True","200","819","21936",
"2025-10-30 13:39:24","9","https://2sxc-dnn.dnndev.me/cshtml-disk-cache/p6","True","200","1297","76157",
